Ch,Z,Simple,Frugal,Super,Every,Bed
000.000,39.110,2,2,2,2,2
002.000,39.110,0,0,0,1,0
004.000,39.120,0,0,0,1,0
006.000,39.110,0,0,0,1,0
008.000,39.170,0,0,0,1,0
010.000,39.180,0,0,0,1,0
012.000,39.200,0,0,0,1,0
014.000,39.220,0,0,0,1,0
016.000,39.210,0,0,0,1,0
018.000,39.270,0,0,0,1,0
020.000,39.270,0,0,0,1,0
022.000,39.290,0,0,0,1,0
024.000,39.350,0,0,0,1,0
026.000,39.370,0,0,0,1,0
028.000,39.410,0,0,0,1,0
030.000,38.920,0,0,0,1,0
032.000,38.840,0,0,0,1,0
034.000,38.930,0,0,0,1,0
036.000,38.960,0,0,0,1,0
038.000,38.980,0,0,0,1,0
040.000,38.890,0,1,1,1,0
042.000,36.720,0,0,0,1,0
044.000,36.280,0,0,0,1,0
046.000,36.030,0,0,1,1,1
048.000,36.020,0,0,0,1,0
050.000,36.050,0,0,0,1,0
052.000,36.030,0,0,0,1,0
054.000,36.010,0,0,0,1,0
056.000,36.040,0,0,0,1,0
058.000,36.060,0,0,0,1,0
060.000,36.030,0,0,0,1,0
062.000,36.000,0,0,0,1,0
064.000,35.990,0,0,0,1,0
066.000,35.980,0,0,0,1,0
068.000,35.960,0,0,0,1,0
070.000,35.930,0,0,0,1,0
072.000,35.900,0,0,0,1,0
074.000,35.870,0,0,0,1,0
076.000,35.830,0,0,0,1,0
078.000,35.810,0,0,0,1,0
080.000,35.800,0,0,0,1,0
082.000,35.790,0,0,0,1,0
084.000,35.800,0,0,0,1,0
086.000,35.860,0,0,1,1,0
088.000,36.080,0,0,0,1,1
090.000,37.440,0,0,0,1,0
092.000,39.050,0,0,1,1,0
094.000,39.320,0,0,0,1,0
096.000,39.430,0,1,0,1,0
098.000,39.420,0,0,0,1,0
100.000,39.410,0,0,0,1,0
102.000,39.400,0,0,0,1,0
104.000,39.360,0,0,0,1,0
106.000,39.350,0,0,0,1,0
108.000,39.410,0,0,0,1,0
110.000,39.440,0,0,0,1,0
112.000,39.450,2,2,2,2,2