Ch,Z,Simple,EA,EB,EC,Bed,Every
722.37,700.92,002,2,2,2,2,2
723.59,700.78,000,0,0,0,0,1
725.48,700.57,000,0,0,0,0,1
749.98,698.23,000,0,0,0,0,1
765.88,697.04,000,0,0,0,0,1
792.55,694.19,000,0,0,0,0,1
802.77,693.19,000,0,0,0,0,1
809.4,692.56,0000,0,0,0,0,1
829.16,691.13,000,0,0,0,0,1
852.91,689.29,000,0,0,0,0,1
855.55,688.97,000,0,0,0,0,1
859.61,688.54,000,0,0,0,0,1
881.94,686.12,000,0,0,0,0,1
896.43,684.7,0000,0,0,0,0,1
908.33,683.88,000,0,0,0,0,1
926.68,682.64,000,0,0,0,0,1
939.95,681.82,000,0,0,0,0,1
961.12,680.42,000,0,0,0,0,1
983.46,679.2,0000,0,0,0,0,1
993.74,678.39,000,0,0,0,0,1
1013.9,676.9,0000,0,0,0,0,1
1026.98,676.18,00,0,0,0,0,1
1040.29,675.89,00,0,0,0,0,1
1060.81,675.29,00,0,0,0,0,1
1070.49,674.84,00,0,0,0,0,1
1093.07,673.96,00,0,0,0,0,1
1114.01,672.54,00,0,0,0,0,1
1127.87,671.81,00,0,0,0,0,1
1145.86,671.3,000,0,0,0,0,1
1157.52,670.99,00,0,0,0,0,1
1172.25,670.46,00,0,0,0,0,1
1194.94,669.74,00,0,0,0,0,1
1198.64,669.62,00,0,0,0,0,1
1201.04,669.49,00,0,0,0,0,1
1225.03,668.43,00,0,0,0,0,1
1244.56,667.73,00,0,0,0,0,1
1251.42,667.43,00,0,0,0,0,1
1262,667.12,00000,0,0,0,0,1
1277.81,666.72,00,0,0,0,0,1
1288.07,666.48,00,0,0,0,0,1
1329.07,664.7,000,0,0,0,0,1
1330.6,664.63,000,0,0,0,0,1
1331.59,664.59,00,0,0,0,0,1
1356.99,663.72,00,0,0,0,0,1
1375.1,663.12,000,0,0,0,0,1
1386.22,663.34,00,0,0,0,0,1
1417.59,662.49,00,0,1,0,0,1
1442.17,660.55,00,0,0,0,0,1
1446.78,660.13,00,0,0,0,0,1
1476.85,657.43,00,0,0,0,0,1
1504.33,655.84,00,0,0,0,0,1
1515.56,655.54,00,0,0,0,0,1
1561.96,654.8,000,0,0,0,0,1
1572.81,654.62,00,0,0,0,0,1
1583.9,654.18,000,0,0,0,0,1
1608.4,653.26,000,0,0,0,0,1
1624.87,652.66,00,0,0,0,0,1
1651.75,651.52,00,0,0,0,0,1
1692.3,649.99,000,0,0,0,0,1
1705.43,649.76,00,0,0,0,0,1
1732.23,648.18,00,0,0,0,0,1
1757.72,646.47,00,0,0,0,0,1
1769.03,646.11,00,0,0,0,0,1
1852.17,644.16,00,0,0,0,0,1
1873.14,644.12,00,0,0,0,0,1
1885.07,644.12,00,0,0,0,0,1
1899.85,642.42,00,0,0,0,0,1
1901.89,642.42,00,0,0,0,0,1
1912.93,644.14,00,0,0,0,0,1
1931.4,643.52,000,0,0,0,0,1
1946.45,642.83,00,0,0,0,0,1
2007.44,641.98,00,0,0,0,0,1
2009.57,641.92,00,0,0,0,0,1
2013.71,641.83,00,0,0,0,0,1
2095.05,639.81,00,0,0,0,0,1
2116.65,639.31,00,0,0,0,0,1
2199.55,637.7,000,0,0,0,0,1
2220.43,637.27,00,0,0,0,0,1
2289.73,636.96,00,0,0,0,0,1
2301.53,636.82,00,0,0,0,0,1
2365.29,635.8,000,0,0,0,0,1
2437.87,634.47,00,0,0,0,0,1
2481.61,633.86,00,0,0,0,0,1
2529.69,632.64,00,0,0,0,0,1
2602.75,631.46,00,0,0,0,0,1
2612.84,631.42,00,0,0,0,0,1
2628.43,631.2,000,0,0,0,0,1
2670.54,630.68,00,0,0,0,0,1
2688.49,629.21,00,0,0,0,0,1
2755.48,627.56,00,0,0,0,0,1
2771.39,627.23,00,0,0,0,0,1
2775.23,626.96,00,0,0,0,0,1
2813.99,625.45,00,0,0,0,0,1
2858.36,623.96,00,0,0,0,0,1
2871.68,623.41,00,0,0,0,0,1
2888.28,622.75,00,0,0,0,0,1
2894.51,622.91,00,0,0,0,0,1
2908.5,622.14,000,0,0,0,0,1
2929.62,621.3,000,0,0,0,0,1
2947.82,621.3,000,0,0,0,0,1
2987.75,621.3,000,1,0,0,0,1
3034.54,619.94,00,0,0,0,0,1
3049.74,618.6,000,0,0,0,0,1
3050.86,618.6,000,0,0,0,0,1
3065.45,617.73,00,0,0,0,0,1
3081.61,616.59,00,0,0,0,0,1
3098.77,614.01,00,0,0,0,1,1
3116.01,611.41,00,0,0,0,0,1
3131.53,610.31,00,0,0,0,0,1
3147.21,609.43,00,0,0,0,0,1
3153.92,609.11,00,0,0,0,0,1
3170.74,609.95,00,0,0,0,0,1
3186.24,610.93,00,0,0,0,0,1
3202.08,613.92,00,0,0,0,0,1
3218.48,614.23,00,0,0,1,0,1
3236.27,614.17,00,0,0,0,0,1
3253.4,614.04,000,0,0,0,0,1
3260.87,612.44,00,0,0,0,0,1
3278.15,611.56,00,0,0,0,0,1
3295.11,609.78,00,0,0,0,0,1
3299.57,609.83,00,0,0,0,0,1
3316.88,609.47,00,0,0,0,0,1
3338.41,609.89,00,0,0,0,0,1
3371.53,614.35,00,0,0,0,0,1
3389.05,614.92,00,0,0,0,0,1
3390.27,614.94,00,0,0,0,0,1
3407.24,615.23,00,1,0,1,0,1
3424.61,615.23,00,0,0,0,0,1
3425.58,615.25,00,0,0,0,0,1
3442.93,615.1,000,0,0,0,0,1
3443.75,615.11,00,0,0,0,0,1
3463.02,614.87,00,0,0,0,0,1
3463.75,614.87,00,0,0,0,0,1
3483.57,614.68,00,0,0,0,0,1
3484.24,614.68,00,0,0,0,0,1
3484.9,614.67,000,0,0,0,0,1
3501.83,614.67,00,0,0,0,0,1
3502.52,614.67,00,0,0,0,0,1
3521.19,614.57,00,0,0,0,0,1
3522.58,614.57,00,0,0,0,0,1
3523.31,614.58,00,0,0,0,0,1
3542.7,614.49,000,0,0,0,0,1
3543.46,614.48,00,0,0,0,0,1
3562.21,614.58,00,0,0,0,0,1
3580.12,614.58,00,0,0,0,0,1
3581.68,614.58,00,0,0,0,0,1
3599.88,614.48,00,0,0,0,0,1
3616.95,614.48,00,0,0,0,0,1
3617.62,614.48,00,0,0,0,0,1
3636.97,614.38,00,0,0,0,0,1
3655.82,614.38,00,0,0,0,0,1
3666.04,614.67,00,0,0,0,0,1
3684.06,614.67,00,0,0,0,0,1
3700.1,614.56,000,0,0,0,0,1
3701.99,614.6,000,0,0,0,0,1
3720.26,614.69,00,0,0,0,0,1
3723.74,614.79,00,0,0,0,0,1
3726.63,614.91,00,0,0,0,0,1
3744.53,614.8,000,0,0,0,0,1
3759.93,614.67,00,0,0,0,0,1
3775.54,614.53,00,0,0,0,0,1
3776.35,614.57,00,0,0,0,0,1
3793.07,614.43,00,0,0,0,0,1
3810.3,614.38,000,0,0,0,0,1
3829.03,614.22,00,0,0,0,0,1
3846.21,614.07,00,0,0,0,0,1
3864.44,613.95,00,0,0,0,0,1
3865.03,613.97,00,0,0,0,0,1
3865.8,614,000000,0,0,0,0,1
3883.41,614.11,00,0,0,0,0,1
3884.43,614.15,00,0,0,0,0,1
3902.75,614.49,00,0,0,0,0,1
3904.94,614.61,00,0,0,0,0,1
3924.41,614.94,00,0,0,0,0,1
3926.96,615.17,00,0,0,0,0,1
3945.17,616.35,00,0,0,0,0,1
3950.21,616.94,00,0,0,0,0,1
3964.5,618.92,000,0,0,0,0,1
3977.57,620.4,000,0,0,0,0,1
3982.67,620.99,00,0,0,0,0,1
3988.26,621.69,00,0,0,0,0,1
3994.21,622.13,00,0,0,1,0,1
4015.48,622.2,000,0,0,0,0,1
4022.14,622.01,00,0,0,0,0,1
4026.21,621.3,000,0,0,0,0,1
4029.09,620.86,00,0,0,0,0,1
4043.25,618.44,00,0,0,0,0,1
4048.17,617.58,00,0,0,0,0,1
4056.44,616.47,00,0,0,0,0,1
4067.75,615.11,00,0,0,0,0,1
4068.57,614.99,00,0,0,0,0,1
4082.18,614.83,00,0,0,0,0,1
4083.4,614.68,000,0,0,0,0,1
4096.88,614.76,00,0,0,0,0,1
4107.91,614.89,00,0,0,0,0,1
4110.36,614.67,00,0,0,0,0,1
4114.8,614.33,000,0,0,0,0,1
4128.82,614.39,00,0,0,0,0,1
4141.94,614.63,00,0,0,0,0,1
4155.08,614.82,00,0,0,0,0,1
4158.35,614.66,00,0,0,0,0,1
4189.09,614.58,00,0,0,0,0,1
4195.04,614.34,00,0,0,0,0,1
4209.84,614.34,00,0,0,0,0,1
4228.92,614.22,00,0,0,0,0,1
4250.52,614.09,00,0,0,0,0,1
4252.15,614.03,00,0,0,0,0,1
4270.95,614.02,00,0,0,0,0,1
4273.12,613.96,00,0,0,0,0,1
4274.51,613.92,00,0,0,0,0,1
4296.31,614.01,00,0,0,0,0,1
4299.95,613.91,00,0,0,0,0,1
4318.03,613.97,00,0,0,0,0,1
4339.28,613.88,00,0,0,0,0,1
4341.53,613.93,00,0,0,0,0,1
4362.16,614.04,00,0,0,0,0,1
4379.94,614.13,00,0,0,0,0,1
4382.48,614.18,00,0,0,0,0,1
4399.2,615.79,000,0,0,0,0,1
4417.99,619.33,00,0,0,0,0,1
4421.67,619.35,00,0,0,0,0,1
4438.39,619.91,00,0,0,1,0,1
4455.65,617.94,00,0,0,0,0,1
4473.23,615.34,00,0,0,0,0,1
4477.86,615.44,00,0,0,0,0,1
4493.66,615.38,00,0,0,0,1,1
4499.07,615.51,00,0,0,0,0,1
4515.55,615.54,00,0,0,0,0,1
4531.93,615.71,00,0,0,0,0,1
4548.09,615.89,00,0,0,0,0,1
4554.61,616.08,00,0,0,0,0,1
4570.88,616.31,00,0,0,0,0,1
4586.68,616.65,00,0,0,0,0,1
4596.83,616.95,00,0,0,0,0,1
4611.18,617.39,00,0,0,0,0,1
4622.49,617.79,00,0,0,0,0,1
4635.63,618.17,00,0,0,0,0,1
4647.84,618.4,000,0,0,0,0,1
4653.69,618.62,00,0,0,0,0,1
4669.3,619.39,000,0,0,0,0,1
4677.8,619.58,000,0,0,0,0,1
4692.1,620.26,000,0,0,0,0,1
4697.15,620.45,00,0,0,0,0,1
4701.42,620.52,00,0,0,0,0,1
4718.04,621.3,000,0,0,0,0,1
4729.83,622.46,00,0,0,0,0,1
4756.14,624.82,00,0,0,0,0,1
4767.77,625.89,00,0,0,0,0,1
4770.86,626.24,00,0,0,0,0,1
4774.57,626.54,00,0,0,0,0,1
4789.95,628.53,00,0,0,0,0,1
4823.71,632.74,00,0,0,0,0,1
4855.87,637.04,00,0,0,0,0,1
4923.57,645.14,00,0,0,0,0,1
4956.89,649.07,00,0,0,0,0,1
4969.14,650.05,00,0,0,0,0,1
5051.74,660.31,00,0,0,0,0,1
5088.14,663.57,00,0,0,0,0,1
5107.67,664.27,00,0,0,0,0,1
5124.09,664.18,00,0,0,0,0,1
5138.75,665.63,00,0,0,0,0,1
5141.09,665.74,00,0,0,0,0,1
5150.53,666.25,00,0,1,0,0,1
5171.35,666.93,00,0,0,0,0,1
5172.99,666.52,00,0,0,0,0,1
5179.82,666.89,00,0,0,0,0,1
5203.66,665.51,00,0,0,0,0,1
5204.07,665.54,00,0,0,0,0,1
5213.09,666.52,00,0,0,0,0,1
5241.11,666.77,00,0,0,0,0,1
5247.2,666.41,000,0,0,0,0,1
5250.38,666.86,00,0,0,0,0,1
5265.3,664.85,000,0,0,0,0,1
5276.22,666.01,00,0,0,0,0,1
5284.17,666.79,00,0,0,0,0,1
5308.95,666.43,00,0,0,0,0,1
5309.65,665.96,00,0,0,0,0,1
5317.99,666.41,00,0,0,0,0,1
5364.9,663.41,000,0,0,0,0,1
5371.2,664.91,000,0,0,0,0,1
5389.98,663.28,00,0,0,0,0,1
5399.45,660.75,00,0,0,0,0,1
5414.2,661.73,000,0,0,0,0,1
5436.22,662.38,00,0,0,0,0,1
5482.15,659.79,00,0,0,0,0,1
5485.8,659.82,000,0,0,0,0,1
5496.36,659.51,00,0,0,0,0,1
5511.68,659.38,00,0,0,0,0,1
5519.84,659.5,000,0,0,0,0,1
5536.37,659.35,00,0,0,0,0,1
5545.33,659.9,000,0,0,0,0,1
5556.23,660.3,000,0,0,0,0,1
5561.72,660.54,00,0,0,0,0,1
5573.21,661.05,00,0,0,0,0,1
5592.56,661,00000,0,0,0,0,1
5600.73,660.97,00,0,0,0,0,1
5615.25,660.26,00,0,0,0,0,1
5627.94,659.98,00,0,0,0,0,1
5650.09,660.59,00,0,0,0,0,1
5661.17,661.1,000,0,0,0,0,1
5693.54,662.12,00,0,0,0,0,1
5702.37,662.16,00,0,0,0,0,1
5705.67,662.21,00,0,0,0,0,1
5736.54,663.59,00,0,0,0,0,1
5771.35,662.76,00,0,0,0,0,1
5775.13,662.97,00,0,0,0,0,1
5778.51,663.08,00,0,0,0,0,1
5837.04,664.5,000,0,0,0,0,1
5838.99,664.57,00,0,0,0,0,1
5890.41,666.33,00,0,0,0,0,1
5892.33,666.37,00,0,0,0,0,1
5919.96,665.67,00,0,0,0,0,1
5921.94,665.71,00,0,0,0,0,1
5923.43,665.74,00,0,0,0,0,1
5934.16,666.04,00,0,0,0,0,1
5968.03,667.34,00,0,0,0,0,1
5972.56,667.36,00,0,0,0,0,1
5980.52,667.28,00,0,0,0,0,1
6000.12,667.53,00,0,0,0,0,1
6014.93,668.11,00,0,0,0,0,1
6026.18,668.49,00,0,0,0,0,1
6041.08,669.09,00,0,0,0,0,1
6052.25,669.45,00,0,0,0,0,1
6060.68,669.78,00,0,0,0,0,1
6078.31,670.39,00,0,0,0,0,1
6101.65,671.28,00,0,0,0,0,1
6104.37,671.41,00,0,0,0,0,1
6106.43,671.51,00,0,0,0,0,1
6121.19,672.48,00,0,0,0,0,1
6152.18,674.55,00,0,0,0,0,1
6156.49,674.87,00,0,0,0,0,1
6162.21,675.3,000,0,0,0,0,1
6182.56,676.13,00,0,0,0,0,1
6197.93,676.93,00,0,0,0,0,1
6222.77,678.13,00,0,0,0,0,1
6234.68,678.96,00,0,0,0,0,1
6243.67,679.77,00,0,0,0,0,1
6260.74,681.25,00,0,0,0,0,1
6283.34,683.3,000,0,0,0,0,1
6286.8,683.51,000,0,0,0,0,1
6289.42,683.67,00,0,0,0,0,1
6312.87,685.11,00,0,0,0,0,1
6335.17,686.55,00,0,0,0,0,1
6343.9,687.22,000,0,0,0,0,1
6364.99,689.58,00,0,0,0,0,1
6380.92,691.48,00,0,0,0,0,1
6391.05,692.61,00,0,0,0,0,1
6404.46,694.23,00,0,0,0,0,1
6417.11,695.26,00,0,0,0,0,1
6426.67,696.03,00,0,0,0,0,1
6443.18,697.5,000,0,0,0,0,1
6465.03,699.03,00,0,0,0,0,1
6472.42,699.44,00,0,0,0,0,1
6495.3,700.07,002,2,2,2,2,2