Ch,Z,Simple,Single,Frugal,Over,Super,Every,Bed
24.000,13.210,2,2,2,2,2,2,2
25.300,12.150,0,0,0,0,0,1,0
30.000,10.160,0,0,0,0,0,1,0
32.500,08.930,0,0,0,0,0,1,0
33.000,08.930,0,0,1,1,0,1,0
33.000,07.080,0,0,0,0,1,1,0
34.000,06.780,0,0,0,0,0,1,0
36.000,05.830,0,0,0,0,0,1,1
38.000,05.580,0,0,0,0,0,1,0
40.000,05.480,0,0,0,0,0,1,0
42.000,05.430,0,0,0,0,1,1,0
44.000,05.230,0,0,0,0,0,1,0
46.000,05.030,0,0,0,0,0,1,0
48.000,04.830,0,0,0,0,0,1,0
50.000,04.480,0,0,0,0,0,1,0
52.000,04.480,0,0,0,0,0,1,0
54.000,04.430,0,0,0,0,0,1,0
56.000,04.430,0,0,0,0,0,1,0
58.000,04.580,0,0,0,0,0,1,0
60.000,04.830,0,0,0,0,0,1,0
62.000,05.130,0,0,0,0,0,1,0
64.000,05.430,0,0,0,0,0,1,0
66.000,05.480,0,0,0,0,0,1,0
68.000,05.530,0,0,0,0,0,1,0
70.000,05.580,0,0,0,0,0,1,0
72.200,05.780,0,0,0,0,1,1,1
74.000,06.630,0,0,0,0,0,1,0
76.000,07.230,0,0,0,0,0,1,0
76.200,07.230,0,1,0,0,1,1,0
76.200,08.930,0,0,0,1,0,1,0
80.000,08.930,0,0,0,0,0,1,0
82.000,10.620,0,0,0,0,0,1,0
83.200,11.580,0,0,1,1,1,1,0
90.000,11.570,0,0,0,0,0,1,0
97.000,11.700,0,0,0,0,1,1,0
104.00,13.180,0,0,0,0,0,1,0
107.00,13.820,0,0,0,0,0,1,0
108.40,13.970,2,2,2,2,2,2,2